insert into USERS(id, name, surname, age, nick, password) values(1, 'Artur1', 'Libera1', 27, 'arczimedes1','password1');
insert into USERS(id, name, surname, age, nick, password) values(2, 'Artur2', 'Libera2', 28, 'arczimedes2','password2');
insert into USERS(id, name, surname, age, nick, password) values(3, 'Artur3', 'Libera3', 29, 'arczimedes3','password3');
insert into USERS(id, name, surname, age, nick, password) values(4, 'Artur4', 'Libera4', 30, 'arczimedes4','password4');
insert into USERS(id, name, surname, age, nick, password) values(5, 'Artur5', 'Libera5', 31, 'arczimedes5','password5');
insert into USERS(id, name, surname, age, nick, password) values(6, 'Artur6', 'Libera6', 32, 'arczimedes6','password6');
insert into USERS(id, name, surname, age, nick, password) values(7, 'Artur7', 'Libera7', 33, 'arczimedes7','password7');
insert into USERS(id, name, surname, age, nick, password) values(8, 'Artur8', 'Libera8', 34, 'arczimedes8','password8');
insert into USERS(id, name, surname, age, nick, password) values(9, 'Artur9', 'Libera9', 35, 'arczimedes9','password9');
insert into USERS(id, name, surname, age, nick, password) values(10, 'Artur10', 'Libera10', 36, 'arczimedes10','password10');
insert into POSTS(id, title, content, created,createdBy) values(1, 'Title Post nr1', 'Content Post1', '2020-06-16T20:36:04.673553100' , 1);
insert into POSTS(id, title, content, created,createdBy) values(2, 'Title Post nr2', 'Content Post2', '2020-06-16T21:36:04.689178200' , 1);
insert into POSTS(id, title, content, created,createdBy) values(3, 'Title Post nr3', 'Content Post3', '2020-06-16T22:36:04.689178200' , 1);
insert into POSTS(id, title, content, created,createdBy) values(4, 'Title Post nr4', 'Content Post4', '2020-06-16T23:36:04.689178200' , 1);
insert into POSTS(id, title, content, created,createdBy) values(5, 'Title Post nr5', 'Content Post5', '2020-06-17T00:36:04.689178200' , 1);
insert into POSTS(id, title, content, created,createdBy) values(6, 'Title Post nr6', 'Content Post6', '2020-06-17T01:36:04.689178200' , 2);
insert into POSTS(id, title, content, created,createdBy) values(7, 'Title Post nr7', 'Content Post7', '2020-06-17T02:36:04.689178200' , 2);
insert into POSTS(id, title, content, created,createdBy) values(8, 'Title Post nr8', 'Content Post8', '2020-06-17T03:36:04.689178200' , 2);
insert into POSTS(id, title, content, created,createdBy) values(9, 'Title Post nr9', 'Content Post9', '2020-06-17T04:36:04.689178200' , 2);
insert into POSTS(id, title, content, created,createdBy) values(10, 'Title Post nr10', 'Content Post10', '2020-06-17T05:36:04.689178200' , 2);
insert into POSTS(id, title, content, created,createdBy) values(11, 'Title Post nr11', 'Content Post11', '2020-06-17T06:36:04.689178200' , 3);
insert into POSTS(id, title, content, created,createdBy) values(12, 'Title Post nr12', 'Content Post12', '2020-06-17T07:36:04.689178200' , 3);
insert into POSTS(id, title, content, created,createdBy) values(13, 'Title Post nr13', 'Content Post13', '2020-06-17T08:36:04.689178200' , 3);
insert into POSTS(id, title, content, created,createdBy) values(14, 'Title Post nr14', 'Content Post14', '2020-06-17T09:36:04.689178200' , 3);
insert into POSTS(id, title, content, created,createdBy) values(15, 'Title Post nr15', 'Content Post15', '2020-06-17T10:36:04.689178200' , 3);
insert into POSTS(id, title, content, created,createdBy) values(16, 'Title Post nr16', 'Content Post16', '2020-06-17T11:36:04.689178200' , 4);
insert into POSTS(id, title, content, created,createdBy) values(17, 'Title Post nr17', 'Content Post17', '2020-06-17T12:36:04.704802100' , 4);
insert into POSTS(id, title, content, created,createdBy) values(18, 'Title Post nr18', 'Content Post18', '2020-06-17T13:36:04.704802100' , 4);
insert into POSTS(id, title, content, created,createdBy) values(19, 'Title Post nr19', 'Content Post19', '2020-06-17T14:36:04.704802100' , 4);
insert into POSTS(id, title, content, created,createdBy) values(20, 'Title Post nr20', 'Content Post20', '2020-06-17T15:36:04.704802100' , 4);
insert into POSTS(id, title, content, created,createdBy) values(21, 'Title Post nr21', 'Content Post21', '2020-06-17T16:36:04.704802100' , 5);
insert into POSTS(id, title, content, created,createdBy) values(22, 'Title Post nr22', 'Content Post22', '2020-06-17T17:36:04.704802100' , 5);
insert into POSTS(id, title, content, created,createdBy) values(23, 'Title Post nr23', 'Content Post23', '2020-06-17T18:36:04.711317' , 5);
insert into POSTS(id, title, content, created,createdBy) values(24, 'Title Post nr24', 'Content Post24', '2020-06-17T19:36:04.711317' , 5);
insert into POSTS(id, title, content, created,createdBy) values(25, 'Title Post nr25', 'Content Post25', '2020-06-17T20:36:04.711317' , 5);
insert into POSTS(id, title, content, created,createdBy) values(26, 'Title Post nr26', 'Content Post26', '2020-06-17T21:36:04.711317' , 6);
insert into POSTS(id, title, content, created,createdBy) values(27, 'Title Post nr27', 'Content Post27', '2020-06-17T22:36:04.711317' , 6);
insert into POSTS(id, title, content, created,createdBy) values(28, 'Title Post nr28', 'Content Post28', '2020-06-17T23:36:04.711317' , 6);
insert into POSTS(id, title, content, created,createdBy) values(29, 'Title Post nr29', 'Content Post29', '2020-06-18T00:36:04.711317' , 6);
insert into POSTS(id, title, content, created,createdBy) values(30, 'Title Post nr30', 'Content Post30', '2020-06-18T01:36:04.711317' , 6);
insert into POSTS(id, title, content, created,createdBy) values(31, 'Title Post nr31', 'Content Post31', '2020-06-18T02:36:04.711317' , 7);
insert into POSTS(id, title, content, created,createdBy) values(32, 'Title Post nr32', 'Content Post32', '2020-06-18T03:36:04.711317' , 7);
insert into POSTS(id, title, content, created,createdBy) values(33, 'Title Post nr33', 'Content Post33', '2020-06-18T04:36:04.711317' , 7);
insert into POSTS(id, title, content, created,createdBy) values(34, 'Title Post nr34', 'Content Post34', '2020-06-18T05:36:04.711317' , 7);
insert into POSTS(id, title, content, created,createdBy) values(35, 'Title Post nr35', 'Content Post35', '2020-06-18T06:36:04.711317' , 7);
insert into POSTS(id, title, content, created,createdBy) values(36, 'Title Post nr36', 'Content Post36', '2020-06-18T07:36:04.711317' , 8);
insert into POSTS(id, title, content, created,createdBy) values(37, 'Title Post nr37', 'Content Post37', '2020-06-18T08:36:04.711317' , 8);
insert into POSTS(id, title, content, created,createdBy) values(38, 'Title Post nr38', 'Content Post38', '2020-06-18T09:36:04.711317' , 8);
insert into POSTS(id, title, content, created,createdBy) values(39, 'Title Post nr39', 'Content Post39', '2020-06-18T10:36:04.711317' , 8);
insert into POSTS(id, title, content, created,createdBy) values(40, 'Title Post nr40', 'Content Post40', '2020-06-18T11:36:04.711317' , 8);
insert into POSTS(id, title, content, created,createdBy) values(41, 'Title Post nr41', 'Content Post41', '2020-06-18T12:36:04.726964900' , 9);
insert into POSTS(id, title, content, created,createdBy) values(42, 'Title Post nr42', 'Content Post42', '2020-06-18T13:36:04.726964900' , 9);
insert into POSTS(id, title, content, created,createdBy) values(43, 'Title Post nr43', 'Content Post43', '2020-06-18T14:36:04.726964900' , 9);
insert into POSTS(id, title, content, created,createdBy) values(44, 'Title Post nr44', 'Content Post44', '2020-06-18T15:36:04.726964900' , 9);
insert into POSTS(id, title, content, created,createdBy) values(45, 'Title Post nr45', 'Content Post45', '2020-06-18T16:36:04.726964900' , 9);
insert into POSTS(id, title, content, created,createdBy) values(46, 'Title Post nr46', 'Content Post46', '2020-06-18T17:36:04.726964900' , 10);
insert into POSTS(id, title, content, created,createdBy) values(47, 'Title Post nr47', 'Content Post47', '2020-06-18T18:36:04.726964900' , 10);
insert into POSTS(id, title, content, created,createdBy) values(48, 'Title Post nr48', 'Content Post48', '2020-06-18T19:36:04.726964900' , 10);
insert into POSTS(id, title, content, created,createdBy) values(49, 'Title Post nr49', 'Content Post49', '2020-06-18T20:36:04.726964900' , 10);
insert into POSTS(id, title, content, created,createdBy) values(50, 'Title Post nr50', 'Content Post50', '2020-06-18T21:36:04.726964900' , 10);
insert into COMMENTS(id, postId, content, created,createdBy) values(1, 1, 'Content Comment1', '2020-06-16T20:36:04.726964900' , 1);
insert into COMMENTS(id, postId, content, created,createdBy) values(2, 1, 'Content Comment2', '2020-06-16T21:36:04.726964900' , 1);
insert into COMMENTS(id, postId, content, created,createdBy) values(3, 1, 'Content Comment3', '2020-06-16T22:36:04.726964900' , 1);
insert into COMMENTS(id, postId, content, created,createdBy) values(4, 1, 'Content Comment4', '2020-06-16T23:36:04.742586800' , 1);
insert into COMMENTS(id, postId, content, created,createdBy) values(5, 1, 'Content Comment5', '2020-06-17T00:36:04.758216600' , 1);
insert into COMMENTS(id, postId, content, created,createdBy) values(6, 1, 'Content Comment6', '2020-06-17T01:36:04.758216600' , 2);
insert into COMMENTS(id, postId, content, created,createdBy) values(7, 1, 'Content Comment7', '2020-06-17T02:36:04.758216600' , 2);
insert into COMMENTS(id, postId, content, created,createdBy) values(8, 2, 'Content Comment8', '2020-06-17T03:36:04.758216600' , 2);
insert into COMMENTS(id, postId, content, created,createdBy) values(9, 2, 'Content Comment9', '2020-06-17T04:36:04.758216600' , 2);
insert into COMMENTS(id, postId, content, created,createdBy) values(10, 2, 'Content Comment10', '2020-06-17T05:36:04.758216600' , 2);
insert into COMMENTS(id, postId, content, created,createdBy) values(11, 2, 'Content Comment11', '2020-06-17T06:36:04.758216600' , 3);
insert into COMMENTS(id, postId, content, created,createdBy) values(12, 2, 'Content Comment12', '2020-06-17T07:36:04.758216600' , 3);
insert into COMMENTS(id, postId, content, created,createdBy) values(13, 2, 'Content Comment13', '2020-06-17T08:36:04.758216600' , 3);
insert into COMMENTS(id, postId, content, created,createdBy) values(14, 2, 'Content Comment14', '2020-06-17T09:36:04.773841900' , 3);
insert into COMMENTS(id, postId, content, created,createdBy) values(15, 3, 'Content Comment15', '2020-06-17T10:36:04.773841900' , 3);
insert into COMMENTS(id, postId, content, created,createdBy) values(16, 3, 'Content Comment16', '2020-06-17T11:36:04.773841900' , 4);
insert into COMMENTS(id, postId, content, created,createdBy) values(17, 3, 'Content Comment17', '2020-06-17T12:36:04.773841900' , 4);
insert into COMMENTS(id, postId, content, created,createdBy) values(18, 3, 'Content Comment18', '2020-06-17T13:36:04.773841900' , 4);
insert into COMMENTS(id, postId, content, created,createdBy) values(19, 3, 'Content Comment19', '2020-06-17T14:36:04.773841900' , 4);
insert into COMMENTS(id, postId, content, created,createdBy) values(20, 3, 'Content Comment20', '2020-06-17T15:36:04.773841900' , 4);
insert into COMMENTS(id, postId, content, created,createdBy) values(21, 3, 'Content Comment21', '2020-06-17T16:36:04.773841900' , 5);
insert into COMMENTS(id, postId, content, created,createdBy) values(22, 4, 'Content Comment22', '2020-06-17T17:36:04.773841900' , 5);
insert into COMMENTS(id, postId, content, created,createdBy) values(23, 4, 'Content Comment23', '2020-06-17T18:36:04.789460' , 5);
insert into COMMENTS(id, postId, content, created,createdBy) values(24, 4, 'Content Comment24', '2020-06-17T19:36:04.789460' , 5);
insert into COMMENTS(id, postId, content, created,createdBy) values(25, 4, 'Content Comment25', '2020-06-17T20:36:04.789460' , 5);
insert into COMMENTS(id, postId, content, created,createdBy) values(26, 4, 'Content Comment26', '2020-06-17T21:36:04.789460' , 6);
insert into COMMENTS(id, postId, content, created,createdBy) values(27, 4, 'Content Comment27', '2020-06-17T22:36:04.789460' , 6);
insert into COMMENTS(id, postId, content, created,createdBy) values(28, 4, 'Content Comment28', '2020-06-17T23:36:04.789460' , 6);
